{
  "Total" : {
    "transaction" : "Total",
    "sampleCount" : 100,
    "errorCount" : 0,
    "errorPct" : 0.0,
    "meanResTime" : 51.80999999999999,
    "medianResTime" : 46.0,
    "minResTime" : 30.0,
    "maxResTime" : 119.0,
    "pct1ResTime" : 80.0,
    "pct2ResTime" : 95.0,
    "pct3ResTime" : 118.8099999999999,
    "throughput" : 105.04201680672269,
    "receivedKBytesPerSec" : 17.336035976890756,
    "sentKBytesPerSec" : 35.80045299369748
  },
  "HTTP Request" : {
    "transaction" : "HTTP Request",
    "sampleCount" : 100,
    "errorCount" : 0,
    "errorPct" : 0.0,
    "meanResTime" : 51.80999999999999,
    "medianResTime" : 46.0,
    "minResTime" : 30.0,
    "maxResTime" : 119.0,
    "pct1ResTime" : 80.0,
    "pct2ResTime" : 95.0,
    "pct3ResTime" : 118.8099999999999,
    "throughput" : 105.04201680672269,
    "receivedKBytesPerSec" : 17.336035976890756,
    "sentKBytesPerSec" : 35.80045299369748
  }
}