{
  "Total" : {
    "transaction" : "Total",
    "sampleCount" : 100,
    "errorCount" : 0,
    "errorPct" : 0.0,
    "meanResTime" : 34.42999999999999,
    "medianResTime" : 28.5,
    "minResTime" : 22.0,
    "maxResTime" : 87.0,
    "pct1ResTime" : 63.900000000000006,
    "pct2ResTime" : 73.89999999999998,
    "pct3ResTime" : 86.97999999999999,
    "throughput" : 106.83760683760683,
    "receivedKBytesPerSec" : 17.63237847222222,
    "sentKBytesPerSec" : 36.51676014957265
  },
  "HTTP Request" : {
    "transaction" : "HTTP Request",
    "sampleCount" : 100,
    "errorCount" : 0,
    "errorPct" : 0.0,
    "meanResTime" : 34.42999999999999,
    "medianResTime" : 28.5,
    "minResTime" : 22.0,
    "maxResTime" : 87.0,
    "pct1ResTime" : 63.900000000000006,
    "pct2ResTime" : 73.89999999999998,
    "pct3ResTime" : 86.97999999999999,
    "throughput" : 106.83760683760683,
    "receivedKBytesPerSec" : 17.63237847222222,
    "sentKBytesPerSec" : 36.51676014957265
  }
}