{
  "Total" : {
    "transaction" : "Total",
    "sampleCount" : 200,
    "errorCount" : 0,
    "errorPct" : 0.0,
    "meanResTime" : 79.75,
    "medianResTime" : 80.0,
    "minResTime" : 37.0,
    "maxResTime" : 134.0,
    "pct1ResTime" : 108.80000000000001,
    "pct2ResTime" : 113.84999999999997,
    "pct3ResTime" : 133.96000000000004,
    "throughput" : 125.0,
    "receivedKBytesPerSec" : 20.751953125,
    "sentKBytesPerSec" : 108.642578125
  },
  "HTTP Request" : {
    "transaction" : "HTTP Request",
    "sampleCount" : 200,
    "errorCount" : 0,
    "errorPct" : 0.0,
    "meanResTime" : 79.75,
    "medianResTime" : 80.0,
    "minResTime" : 37.0,
    "maxResTime" : 134.0,
    "pct1ResTime" : 108.80000000000001,
    "pct2ResTime" : 113.84999999999997,
    "pct3ResTime" : 133.96000000000004,
    "throughput" : 125.0,
    "receivedKBytesPerSec" : 20.751953125,
    "sentKBytesPerSec" : 108.642578125
  }
}