{
  "Total" : {
    "transaction" : "Total",
    "sampleCount" : 1070,
    "errorCount" : 59,
    "errorPct" : 5.5140185,
    "meanResTime" : 6816.332710280381,
    "medianResTime" : 6322.0,
    "minResTime" : 193.0,
    "maxResTime" : 15392.0,
    "pct1ResTime" : 13156.099999999999,
    "pct2ResTime" : 14298.699999999999,
    "pct3ResTime" : 14754.029999999999,
    "throughput" : 67.51214587671146,
    "receivedKBytesPerSec" : 12.210943908133006,
    "sentKBytesPerSec" : 59.13905747208025
  },
  "HTTP Request" : {
    "transaction" : "HTTP Request",
    "sampleCount" : 1070,
    "errorCount" : 59,
    "errorPct" : 5.5140185,
    "meanResTime" : 6816.332710280381,
    "medianResTime" : 6322.0,
    "minResTime" : 193.0,
    "maxResTime" : 15392.0,
    "pct1ResTime" : 13156.099999999999,
    "pct2ResTime" : 14298.699999999999,
    "pct3ResTime" : 14754.029999999999,
    "throughput" : 67.51214587671146,
    "receivedKBytesPerSec" : 12.210943908133006,
    "sentKBytesPerSec" : 59.13905747208025
  }
}