{
  "Total" : {
    "transaction" : "Total",
    "sampleCount" : 200,
    "errorCount" : 0,
    "errorPct" : 0.0,
    "meanResTime" : 326.025,
    "medianResTime" : 360.5,
    "minResTime" : 59.0,
    "maxResTime" : 461.0,
    "pct1ResTime" : 439.9,
    "pct2ResTime" : 443.95,
    "pct3ResTime" : 451.98,
    "throughput" : 47.27014890096904,
    "receivedKBytesPerSec" : 7.847583313637438,
    "sentKBytesPerSec" : 41.08440675963129
  },
  "HTTP Request" : {
    "transaction" : "HTTP Request",
    "sampleCount" : 200,
    "errorCount" : 0,
    "errorPct" : 0.0,
    "meanResTime" : 326.025,
    "medianResTime" : 360.5,
    "minResTime" : 59.0,
    "maxResTime" : 461.0,
    "pct1ResTime" : 439.9,
    "pct2ResTime" : 443.95,
    "pct3ResTime" : 451.98,
    "throughput" : 47.27014890096904,
    "receivedKBytesPerSec" : 7.847583313637438,
    "sentKBytesPerSec" : 41.08440675963129
  }
}