{
  "Total" : {
    "transaction" : "Total",
    "sampleCount" : 200,
    "errorCount" : 0,
    "errorPct" : 0.0,
    "meanResTime" : 104.90000000000005,
    "medianResTime" : 83.5,
    "minResTime" : 41.0,
    "maxResTime" : 416.0,
    "pct1ResTime" : 137.9,
    "pct2ResTime" : 344.3499999999996,
    "pct3ResTime" : 411.96000000000004,
    "throughput" : 102.77492291880782,
    "receivedKBytesPerSec" : 17.86517214799589,
    "sentKBytesPerSec" : 89.32586073997945
  },
  "HTTP Request" : {
    "transaction" : "HTTP Request",
    "sampleCount" : 200,
    "errorCount" : 0,
    "errorPct" : 0.0,
    "meanResTime" : 104.90000000000005,
    "medianResTime" : 83.5,
    "minResTime" : 41.0,
    "maxResTime" : 416.0,
    "pct1ResTime" : 137.9,
    "pct2ResTime" : 344.3499999999996,
    "pct3ResTime" : 411.96000000000004,
    "throughput" : 102.77492291880782,
    "receivedKBytesPerSec" : 17.86517214799589,
    "sentKBytesPerSec" : 89.32586073997945
  }
}