{
  "Total" : {
    "transaction" : "Total",
    "sampleCount" : 200,
    "errorCount" : 0,
    "errorPct" : 0.0,
    "meanResTime" : 73.20000000000002,
    "medianResTime" : 76.0,
    "minResTime" : 34.0,
    "maxResTime" : 117.0,
    "pct1ResTime" : 101.80000000000001,
    "pct2ResTime" : 109.0,
    "pct3ResTime" : 113.0,
    "throughput" : 129.7016861219196,
    "receivedKBytesPerSec" : 21.532506485084305,
    "sentKBytesPerSec" : 112.72900453955901
  },
  "HTTP Request" : {
    "transaction" : "HTTP Request",
    "sampleCount" : 200,
    "errorCount" : 0,
    "errorPct" : 0.0,
    "meanResTime" : 73.20000000000002,
    "medianResTime" : 76.0,
    "minResTime" : 34.0,
    "maxResTime" : 117.0,
    "pct1ResTime" : 101.80000000000001,
    "pct2ResTime" : 109.0,
    "pct3ResTime" : 113.0,
    "throughput" : 129.7016861219196,
    "receivedKBytesPerSec" : 21.532506485084305,
    "sentKBytesPerSec" : 112.72900453955901
  }
}