{
  "Total" : {
    "transaction" : "Total",
    "sampleCount" : 1050,
    "errorCount" : 0,
    "errorPct" : 0.0,
    "meanResTime" : 4687.226666666669,
    "medianResTime" : 4350.0,
    "minResTime" : 152.0,
    "maxResTime" : 11253.0,
    "pct1ResTime" : 9231.0,
    "pct2ResTime" : 9305.25,
    "pct3ResTime" : 10871.96,
    "throughput" : 89.33129147524248,
    "receivedKBytesPerSec" : 14.74315259698826,
    "sentKBytesPerSec" : 78.25211763016846
  },
  "HTTP Request" : {
    "transaction" : "HTTP Request",
    "sampleCount" : 1050,
    "errorCount" : 0,
    "errorPct" : 0.0,
    "meanResTime" : 4687.226666666669,
    "medianResTime" : 4350.0,
    "minResTime" : 152.0,
    "maxResTime" : 11253.0,
    "pct1ResTime" : 9231.0,
    "pct2ResTime" : 9305.25,
    "pct3ResTime" : 10871.96,
    "throughput" : 89.33129147524248,
    "receivedKBytesPerSec" : 14.74315259698826,
    "sentKBytesPerSec" : 78.25211763016846
  }
}